guid,dest
e3605352-ae3f-488e-8c4c-6c0f6bfa5511,c
9d3a365c-00e5-4ad4-a06f-4b06cc65540a,c
5af6cf62-3dde-44a6-a824-c796c53c3881,a
44891cdd-ec66-49e6-b4e3-941736f6ff56,c
3229372c-96fe-4f01-b135-5390b1c75d33,c
38efae70-370c-4929-b9a0-04972e328897,c
b2c36076-2ee3-4655-aeb0-88d9587f6366,c
141fe9e0-a69d-436b-a492-46e83712463f,c
ede686fc-c416-4c1f-af9e-43fc53abcb0f,c
c52e893c-6842-4315-ae75-9d259cf196ec,c
481af4fe-c650-499e-854e-33268e519043,c
7df98202-b0b7-4696-958f-2c7d942f569d,c
295c2309-23ea-46e3-8a6d-4793dcca99be,c
fe98dc09-69ca-49de-be74-85439c62de81,c
185d381a-3a62-4b60-89d6-611bc5dbcb41,c
842750f7-0e1e-48e8-8972-d47dabc11e12,c
65bfdaaa-bfea-4647-a932-0e91babdc6b1,c
28b863c1-5085-4f8f-9c6f-49fb9fcb9c6b,c
a2410887-6084-4e32-b6e3-bc9cd882491b,c
bef3cb1f-11ff-4d7b-bd34-4d2f6ed871c1,c
1cc2cb5a-6ec8-4a99-bb8b-fc1f4d6ecc56,c
707f242a-5ae0-4870-b9f4-23eb63bbc600,c
44221581-deea-4bea-b9a3-4134c6653109,c
